Class_Label,tokens
Normal,"['let', 'know', 'get', 'quotes', 'pauline', 'expecting', 'pay', 'something', 'range', 'would', 'like', 'see', 'quotes', 'description', 'work', 'done', 'understanding', 'rock', 'removed', 'replaced', 'siding', 'getting', 'quotes', 'put', 'new', 'rock', 'need', 'clarify', 'jacques', 'ready', 'drop', 'dollar', 'amount', 'release', 'negotiations', 'stall', 'seems', 'like', 'need', 'go', 'ahead', 'cut', 'utilities', 'hopefully', 'things', 'go', 'smoothly', 'phillip']"
Normal,"['phillip', 'allenhouect', 'eric', 'bensonenron', 'phillip', 'allenhouectect', 'instructions', 'ferc', 'meetings', 'mr', 'allen', 'per', 'phon']"
Normal,"['steve', 'please', 'remove', 'bob', 'shiring', 'liz', 'rivera', 'rc', 'thank', 'phillip', 'allen']"
Normal,"['go', 'ahead', 'order', 'ac', 'email', 'fax', 'summary', 'rents', 'collected', 'august', 'december', 'need', 'finish', 'tax', 'return', 'expense', 'data', 'rent', 'collection', 'fax', 'number', 'thank', 'phillip']"
Normal,"['anymore', 'details', 'offer', 'else', 'clean', 'cap', 'good', 'location', 'room', 'expand']"
Normal,"['yard', 'seems', 'like', 'enough', 'hours', 'long', 'take', 'think', 'enough', 'use', 'page', 'setup', 'file', 'menu', 'change', 'portrait', 'landscape', 'want', 'change', 'printing', 'vertically', 'printing', 'horizontally', 'also', 'try', 'selecting', 'fit', 'one', 'page', 'want', 'print', 'one', 'page', 'use', 'print', 'preview', 'see', 'print', 'look', 'like', 'print', 'truck', 'might', 'need', 'new', 'sparkplugs', 'around', 'miles', 'valve', 'adjustment', 'might', 'good', 'idled', 'high', 'last', 'miles', 'never', 'broken', 'glad', 'hear', 'good', 'deposit', 'week', 'great', 'job', 'february', 'phillip']"
Normal,"['file', 'updated', 'renamed', 'gas', 'basis', 'mar']"
Normal,"['phillip', 'allenhouect', 'tim', 'heizenrader', 'james', 'b', 'fallonhouectect', 'phillip', 'allenhouectect', 'western', 'strategy', 'summaries', 'slides', 'f']"
Normal,"['ok', 'let', 'deposit', 'rollover', 'interruption', 'rent']"
Normal,"['phillip', 'allenhouect', 'shockwave', 'team', 'please', 'respond', 'released', 'exclusive', 'new', 'animation', 'fr']"
Normal,"['imelda', 'please', 'switch', 'sitara', 'access', 'central', 'west', 'email', 'password', 'thank', 'phillip']"
Normal,"['try', 'attachment', 'attached']"
Normal,"['frank', 'implied', 'risk', 'created', 'san', 'juan', 'rockies', 'indeces', 'partially', 'set', 'today', 'risk', 'long', 'futures', 'position', 'whatever', 'risk', 'prior', 'matter', 'since', 'rest', 'books', 'short', 'price', 'large', 'offset', 'var', 'calculation', 'match', 'companys', 'true', 'risk', 'needs', 'revised', 'adjusted', 'phillip']"
Normal,"['mary', 'transferred', 'checking', 'account', 'monday', 'call', 'monday', 'tuesday', 'see', 'new', 'phillip']"
Normal,"['jeff', 'lets', 'close', 'march', 'phillip']"
Normal,"['phillip', 'allenhouect', 'jennifer', 'fraser', 'stephanie', 'millercorpenronenron', 'julie', 'gomezhouectect', 'phillip']"
Normal,"['tara', 'received', 'email', 'setting', 'paul', 'lucci', 'niccole', 'cortez', 'executable', 'ids', 'rights', 'set', 'fine', 'thank', 'help', 'phillip']"
Normal,"['mary', 'sure', 'attachment', 'right', 'file', 'attached', 'message', 'please', 'try', 'phillip']"
Normal,"['mary', 'got', 'email', 'go', 'ahead', 'get', 'carpet', 'shampooer', 'make', 'sure', 'comes', 'back', 'clean', 'use', 'wade', 'tenants', 'far', 'w', 'looked', 'rules', 'withholding', 'social', 'security', 'call', 'later', 'today', 'discuss', 'phillip']"
Normal,"['appeal', 'skilling', 'phillip', 'allenhouect', 'lee', 'wrightenron', 'phillip', 'allenhouectect', 'amelia', 'alderotsenronenron', 'storage', 'cycles', 'body', 'shop', 'phillip', 'applaud', 'using', 'cycle', 'daily', 'transportation', 'saves', 'gas', 'pollution', 'helps', 'keep', 'strong', 'healthy', 'enron', 'provides', 'bike', 'racks', 'front', 'building', 'requests', 'phillip', 'wish', 'could', 'accommodate', 'request', 'however', 'body', 'shop', 'capacity', 'assume', 'responsibility', 'storing', 'cycles', 'daily', 'basis', 'bring', 'good', 'lock', 'able', 'secure', 'bike', 'designated', 'outside', 'racks', 'keep', 'pedalling', 'lee']"
Normal,"['phillip', 'allenhouect', 'tim', 'heizenrader', 'james', 'b', 'fallonhouectect', 'phillip', 'allenhouectect', 'tim', 'beldenhouectect', 'western', 'stra']"
Normal,"['phillip', 'allenhouect', 'george', 'rahal', 'w', 'basis', 'quotes', 'ill', 'get', 'ba']"
Normal,"['phillip', 'allenhouect', 'george', 'rahal', 'w', 'basis', 'quotes', 'ill', 'get', 'ba']"
Normal,"['spoke', 'insurance', 'company', 'going', 'cancel', 'prorate', 'policy', 'work', 'kuos', 'issue', 'new', 'policy']"
Normal,"['please', 'get', 'randy', 'resolve']"
Normal,"['george', 'please', 'call', 'credit', 'desk', 'received', 'financials', 'acn', 'power', 'thanks', 'phillip', 'allen']"
Normal,"['kim', 'doublecheck', 'julie', 'g', 'think', 'ok', 'pay', 'jan', 'demand', 'charges']"
Normal,"['think', 'steven', 'wolf', 'person', 'talk', 'moving', 'kim', 'olinger', 'different', 'rc', 'code']"
Normal,"['still', 'issue']"
Normal,"['phillip', 'allenhouect', 'mary', 'richards', 'phillip', 'allenhouectect', 'revised', 'suppvendor']"
Normal,"['jim', 'updated', 'curves', 'sent', 'later', 'monday', 'want', 'keith', 'involved', 'process', 'today', 'sorry', 'slow', 'turnaround', 'phillip']"
Normal,"['tara', 'note', 'documentation', 'approval', 'granting', 'executing', 'ids', 'west', 'cash', 'traders', 'thank', 'help', 'phillip']"
Normal,"['file', 'showed']"
Normal,"['vishal', 'resigned', 'today']"
Normal,"['phillip', 'allenhouect', 'frank', 'haydenenronenronxgate', 'cdt', 'phillip', 'allenhouectect', 'john', 'arnoldhouectect', 'fyi', 'sell']"
Normal,"['julie', 'numbers', 'january', 'actual', 'flows', 'x', 'gas', 'daily', 'spreads', 'actual', 'flow', 'x', 'index', 'spreads', 'jan', 'value', 'original', 'bid', 'estimated', 'cost', 'unwind', 'hedges', 'based', 'numbers', 'suggest', 'offer', 'pay', 'least', 'want', 'input', 'negotiate', 'el', 'paso', 'push', 'actual', 'value', 'seasonal', 'shape', 'unwind', 'costs', 'phillip']"
Normal,"['phillip', 'allenhouect', 'matthew', 'lenhart', 'phillip', 'allenhouectect', 'mike', 'grigsbyhouectect', 'dopewars', 'forwa']"
Normal,"['phillip', 'allenhouect', 'phillip', 'allenhouectect', 'subjec']"
Normal,"['didnt', 'get', 'review', 'give', 'feedback', 'tomorrow', 'morning', 'phillip']"
Normal,"['tara', 'please', 'make', 'following', 'changes', 'ftwest', 'change', 'master', 'user', 'phillip', 'allen', 'keith', 'holst', 'imwestchange', 'master', 'user', 'bob', 'shiring', 'phillip', 'allen', 'mock', 'existing', 'profiles', 'please', 'make', 'changes', 'noon', 'thank', 'phillip']"
Normal,"['susan', 'received', 'enrollment', 'confirmation', 'class', 'sign', 'mistake', 'phillip', 'allen']"
Normal,"['jeffbrenda', 'please', 'authorize', 'following', 'products', 'approval', 'customers', 'expecting', 'see', 'pge', 'citygatedaily', 'physical', 'bom', 'physical', 'monthly', 'index', 'physical', 'malindaily', 'physical', 'bom', 'physical', 'monthly', 'index', 'physical', 'keystonemonthly', 'index', 'physical', 'socal', 'borderdaily', 'physical', 'bom', 'physical', 'monthly', 'index', 'physical', 'pge', 'topockdaily', 'physical', 'bom', 'physical', 'monthly', 'index', 'physical', 'please', 'approve', 'forward', 'dale', 'neuner', 'thank', 'phillip']"
Normal,"['call', 'cant', 'get']"
Normal,"['forecast', 'socal', 'demandrecstorage', 'looks', 'like', 'need', 'gas', 'ehrenbergthe', 'swing', 'receipt', 'point']"
Normal,"['griff', 'bidweek', 'need', 'provide', 'view', 'ids', 'two', 'major', 'publications', 'post', 'monthly', 'indeces', 'please', 'email', 'id', 'password', 'following', 'dexter', 'steis', 'natural', 'gas', 'intelligence', 'liane', 'kucher', 'inside', 'ferc', 'bidweek', 'way', 'critical', 'ids', 'sent', 'asap', 'thanks', 'help', 'phillip', 'allen']"
Normal,"['jeffbrenda', 'please', 'authorize', 'forward', 'tara', 'sweitzer', 'please', 'set', 'following', 'ability', 'setup', 'manage', 'products', 'stack', 'manager', 'steve', 'south', 'tory', 'kuykendall', 'janie', 'tholt', 'frank', 'ermis', 'matt', 'lenhart', 'note', 'type', 'product', 'traders', 'managing', 'less', 'month', 'physical', 'west', 'also', 'please', 'grant', 'access', 'passwords', 'enable', 'traders', 'execute', 'book', 'book', 'trades', 'eol', 'possible', 'restrict', 'execution', 'authority', 'products', 'first', 'months', 'thank', 'phillip', 'allen']"
Normal,"['mary', 'received', 'email', 'message', 'please', 'try', 'phillip']"
Normal,"['received', 'file', 'worked', 'good', 'job']"
Normal,"['mary', 'write', 'stage', 'misses', 'sent', 'emails', 'maybe', 'mary', 'stalking', 'gary']"
Normal,"['phillip', 'allenhouect', 'shockwave', 'team', 'please', 'respond', 'phillip', 'allenhouectect', 'stick', 'shockmachine', 'fir']"
Normal,"['naomi', 'two', 'analysts', 'contact', 'matt', 'lenhart', 'vishal', 'apte', 'matt', 'represented', 'jeff', 'shankman', 'vishal', 'joined', 'group', 'october', 'power', 'trading', 'group', 'first', 'months', 'spoke', 'jim', 'fallon', 'agreed', 'excellent', 'category', 'dont', 'want', 'vishal', 'go', 'unrepresented', 'since', 'changed', 'groups', 'mid', 'year', 'call', 'questionsx', 'phillip', 'allen', 'west', 'gas', 'trading']"
Normal,['forecast']
Normal,"['outlook', 'migration', 'teamenron', 'cheryl', 'cindy', 'r', 'wardnaenronenron', 'jo', 'ann', 'hillcorpenronenron', 'sonja', 'gallowaycorpenronenron', 'bilal', 'bajwanaenronenron', 'binh', 'phamhouectect', 'bradley', 'jonesenronenronxgate', 'bruce', 'millscorpenronenron', 'chance', 'rabonenronenronxgate', 'chuck', 'amesnaenronenron', 'david', 'baumbachhouectect', 'jad', 'doanenronenronxgate', 'oneal', 'd', 'winfreehouectect', 'phillip', 'm', 'lovehouectect', 'sladanaanna', 'kulicenronenronxgate', 'victor', 'guggenheimhouectect', 'alejandra', 'chaveznaenronenron', 'anne', 'bikeenronenronxgate', 'carole', 'franknaenronenron', 'darron', 'c', 'gironhouectect', 'elizabeth', 'l', 'hernandezhouectect', 'elizabeth', 'shimcorpenronenron', 'jeff', 'royedcorpenronenron', 'kam', 'keiserhouectect', 'kimat', 'singlahouectect', 'kristen', 'clauseenronenronxgate', 'kulvinder', 'fowlernaenronenron', 'kyle', 'r', 'lillyhouectect', 'luchas', 'johnsonnaenronenron', 'maria', 'garzahouectect', 'patrick', 'rydernaenronenron', 'ryan', 'orourkeenronenronxgate', 'yuan', 'tiannaenronenron', 'frank', 'ermishouectect', 'jane', 'm', 'tholthouectect', 'jay', 'reitmeyerhouectect', 'keith', 'holsthouectect', 'matthew', 'lenharthouectect', 'mike', 'grigsbyhouectect', 'monique', 'sanchezhouectect', 'phillip', 'allenhouectect', 'randall', 'l', 'gayhouectect', 'tori', 'kuykendallhouectect', 'ina', 'normanhouectect', 'jackie', 'travishouectect', 'michael', 'j', 'gasperhouectect', 'brenda', 'h', 'fletcherhouectect', 'jeanne', 'wukaschcorpenronenron', 'mary', 'theresa', 'franklinhouectect', 'mike', 'potternaenronenron', 'natalie', 'bakerhouectect', 'suzanne', 'calcagnonaenronenron', 'albert', 'stromquistcorpenronenron', 'rajesh', 'derek', 'andersonhouectect', 'brad', 'hornhouectect', 'camille', 'gerardcorpenronenron', 'cathy', 'liranaenronenron', 'daniel', 'eva', 'towcorpenronenron', 'lam', 'nguyennaenronenron', 'andy', 'pacenaenronenron', 'anna', 'santuccinaenronenron', 'claudia', 'guerranaenronenron', 'clayton', 'vernoncorpenronenron', 'david', 'ryancorpenronenron', 'eric', 'smithcontractorenron', 'communicationsenron', 'communications', 'grace', 'kimnaenronenron', 'jason', 'kanissenronenronxgate', 'kevin', 'clinecorpenronenron', 'rika', 'imainaenronenron', 'todd', 'decookcorpenronenron', 'beth', 'jensennpngenronenron', 'billi', 'harrillnpngenronenron', 'martha', 'phyllis', 'millernpngenronenron', 'sandy', 'olofsonnpngenronenron', 'theresa', 'byrnenpngenronenron', 'danny', 'mccartyetsenronenron', 'denis', 'tufgtenronenron', 'john', 'ayresfgtenronenron', 'john', 'millarfgtenronenron', 'julie', 'armstrongcorpenronenron', 'maggie', 'schroederfgtenronenron', 'max', 'brownotsenronenron', 'randy', 'cantrellgcoenronenron', 'tracy', 'scottcorpenronenron', 'charles', 'muzzyhouectect', 'cora', 'pendergrasscorpenronenron', 'darren', 'espeycorpenronenron', 'jessica', 'whitenaenronenron', 'kevin', 'bradynaenronenron', 'kirk', 'lenarthouectect', 'lisa', 'kinseyhouectect', 'margie', 'straighthouectect', 'mark', 'l', 'schrabhouectect', 'souad', 'mahmassanicorpenronenron', 'tammy', 'gilmorenaenronenron', 'teresa', 'mcombernaenronenron', 'wes', 'dempseynaenronenron', 'barry', 'feldmannycmgusamgusa', 'catherine', 'huynhnaenronenron', 'surveyinformation', 'email', 'current', 'notes', 'user', 'ensure', 'experience', 'successful', 'migration', 'notes', 'outlook', 'necessary', 'gather', 'individual', 'user', 'information', 'prior', 'date', 'migration', 'please', 'take', 'minutes', 'completely', 'fill', 'following', 'survey', 'double', 'click', 'document', 'put', 'edit', 'mode', 'finish', 'simply', 'click', 'reply', 'history', 'button', 'hit', 'send', 'survey', 'automatically', 'sent', 'outlook', 'migration', 'mailbox', 'thank', 'outlook', 'migration', 'team', 'full', 'name', 'phillip', 'allen', 'login', 'id', 'pallen', 'extension', 'office', 'location', 'ebc', 'type', 'computer', 'desktop', 'laptop', 'pda', 'yes', 'type', 'none', 'ipaq', 'palm', 'pilot', 'jornada', 'ipaq', 'permission', 'access', 'anyones', 'emailcalendar', 'yes', 'anyone', 'permission', 'access', 'emailcalendar', 'yes', 'ina', 'rangel', 'yes', 'responsible', 'updating', 'anyone', 'elses', 'address', 'book', 'yes', 'anyone', 'else', 'responsible', 'updating', 'address', 'book', 'yes', 'access', 'shared', 'calendar', 'yes', 'shared', 'calendar', 'distribution', 'groups', 'messaging', 'maintains', 'mass', 'mailings', 'yes', 'please', 'list', 'please', 'list', 'notes', 'databases', 'applications', 'currently', 'use', 'efforts', 'plan', 'exact', 'datetime', 'migration', 'also', 'need', 'know', 'normal', 'work', 'hours', 'office', 'near', 'future', 'vacation', 'leave', 'etc', 'mmddyy', 'mmddyy']"
Normal,"['let', 'know', 'get', 'quotes', 'pauline', 'expecting', 'pay', 'something', 'range', 'would', 'like', 'see', 'quotes', 'description', 'work', 'done', 'understanding', 'rock', 'removed', 'replaced', 'siding', 'getting', 'quotes', 'put', 'new', 'rock', 'need', 'clarify', 'jacques', 'ready', 'drop', 'dollar', 'amount', 'release', 'negotiations', 'stall', 'seems', 'like', 'need', 'go', 'ahead', 'cut', 'utilities', 'hopefully', 'things', 'go', 'smoothly', 'phillip']"
Normal,"['jeff', 'jacques', 'craig', 'draw', 'release', 'status', 'quote', 'wade', 'phillip']"
Normal,"['send', 'resume', 'karen', 'buckley', 'believe', 'full', 'round', 'interviews', 'trading', 'track', 'may']"
Normal,"['phillip', 'allenhouect', 'jay', 'reitmeyer', 'stanley', 'california', 'summary', 'attached', 'final', 'v']"
Normal,"['guys', 'coordinate', 'make', 'sure', 'someone', 'listens', 'conference', 'call', 'week', 'tara', 'fundamental', 'group', 'recording', 'calls', 'happened', 'every', 'day', 'phillip', 'phillip', 'allenhouect', 'james', 'd', 'steffesenron', 'phillip', 'allenhouectect', 'western', 'wholesale', 'activities', 'gas', 'power', 'conf', 'call', 'privileged', 'confidential', 'communication', 'attorneyclient', 'communication', 'attorney', 'work', 'product', 'privileges', 'asserted', 'please', 'forward', 'anyone', 'team', 'wants', 'updates', 'western', 'wholesale', 'matters', 'also', 'give', 'opportunity', 'raise', 'state', 'matters', 'want', 'discuss', 'jim', 'james', 'd', 'steffesnaenron', 'ray', 'alvarez', 'steve', 'waltonhouectect', 'susan', 'j', 'maranaenronenron', 'alan', 'comnespdxectect', 'leslie', 'lawnernaenronenron', 'rebecca', 'w', 'cantrellhouectect', 'donna', 'fultoncorpenronenron', 'jeff', 'dasovichnaenronenron', 'christi', 'l', 'nicolayhouectect', 'james', 'd', 'steffesnaenronenron', 'jalexandergibbsbruns', 'phillip', 'allenhouectect', 'linda', 'j', 'noskehouectect', 'western', 'wholesale', 'activities', 'gas', 'power', 'conf', 'call', 'privileged', 'confidential', 'communication', 'attorneyclient', 'communication', 'attorney', 'work', 'product', 'privileges', 'asserted', 'date', 'every', 'thursday', 'time', 'pacific', 'central', 'eastern', 'time', 'number', 'host', 'code', 'jim', 'participant', 'code', 'everyone', 'else', 'attached', 'table', 'ongoing', 'ferc', 'issues', 'proceedings', 'updated', 'use', 'tomorrows', 'conference', 'call', 'available', 'team', 'members', 'o', 'drive', 'please', 'feel', 'free', 'reviseadd', 'update', 'table', 'appropriate', 'proposed', 'agenda', 'tomorrow', 'power', 'discussion', 'ferc', 'market', 'monitoring', 'mitigation', 'order', 'el', 'review', 'upcoming', 'filings', 'gas', 'response', 'subpoenas', 'socal', 'edison', 'rp', 'upcoming', 'items', 'misc', 'unable', 'participate', 'call', 'tomorrow', 'attending', 'senate', 'energy', 'resource', 'committee', 'hearing', 'elements', 'ferc', 'market', 'monitoring', 'mitigation', 'order']"
Normal,"['phillip', 'allenhouect', 'kristin', 'walshenronenronxgate', 'cdt', 'john', 'j', 'lavoratoenronenronxgate', 'louise', 'kitchenhouectect', 'phillip']"
Normal,"['phillip', 'allenhouect', 'james', 'd', 'steffesenron', 'phillip', 'allenhouectect', 'western', 'wholesale', 'activities', 'gas', 'power', 'conf', 'call']"
Normal,"['traveling', 'business', 'meeting', 'takes', 'fun', 'trip', 'especially', 'prepare', 'presentation', 'would', 'suggest', 'holding', 'business', 'plan', 'meetings', 'take', 'trip', 'without', 'formal', 'business', 'meetings', 'would', 'even', 'try', 'get', 'honest', 'opinions', 'whether', 'trip', 'even', 'desired', 'necessary', 'far', 'business', 'meetings', 'think', 'would', 'productive', 'try', 'stimulate', 'discussions', 'across', 'different', 'groups', 'working', 'often', 'presenter', 'speaks', 'others', 'quiet', 'waiting', 'turn', 'meetings', 'might', 'better', 'held', 'round', 'table', 'discussion', 'format', 'suggestion', 'go', 'austin', 'play', 'golf', 'rent', 'ski', 'boat', 'jet', 'skis', 'flying', 'somewhere', 'takes', 'much', 'time']"
Normal,"['tim', 'mike', 'grigsby', 'problems', 'accessing', 'west', 'power', 'site', 'please', 'make', 'sure', 'active', 'password', 'thank', 'phillip']"
Normal,"['reagan', 'wanted', 'give', 'update', 'changed', 'unit', 'mix', 'include', 'bedrooms', 'reduced', 'number', 'buildings', 'kipp', 'flores', 'working', 'construction', 'drawings', 'time', 'pursuing', 'fha', 'financing', 'construction', 'drawings', 'complete', 'send', 'revised', 'bid', 'original', 'bid', 'competitive', 'still', 'attracted', 'firm', 'strong', 'local', 'presence', 'contacts', 'phillip']"
Normal,"['jim', 'going', 'conference', 'call', 'type', 'weekly', 'meeting', 'regulatory', 'issues', 'facing', 'california', 'week', 'make', 'sure', 'gas', 'desk', 'included', 'phillip']"
Normal,"['phillip', 'allenhouect', 'ina', 'rangel', 'phillip', 'allenhouectect', 'survey', 'phillip', 'allen', 'full', 'name', 'phillip', 'allen', 'login', 'id', 'p']"
Normal,"['send', 'resume', 'karen', 'buckley', 'hr', 'new', 'round', 'trading', 'track', 'interviews', 'may']"
Normal,"['phillip', 'allenhouect', 'outlook', 'migration', 'teamenron', 'allison', 'hortonnaenronenron', 'amir', 'baignaenronenron', 'brandon', 'bangerternaenronenron']"
Normal,"['phillip', 'allenhouect', 'outlook', 'migration', 'teamenron', 'allison', 'hortonnaenronenron', 'amir', 'baignaenronenron', 'brandon', 'bangerternaenronenron']"
Normal,"['alan', 'received', 'updated', 'numbers', 'keith', 'holst', 'call', 'receive', 'phillip']"
Normal,"['phillip', 'allenhouect', 'alan', 'comnes', 'phillip', 'allenhouectect', 'joe', 'hartsoecorpenronenron', 'request', 'steve', 'kean', 'phillip', 'got']"
Normal,"['phillip', 'allenhouect', 'alan', 'comnes', 'phillip', 'allenhouectect', 'joe', 'hartsoecorpenronenron', 'request', 'steve', 'kean', 'phillip', 'got']"
Normal,"['tim', 'authorize', 'access', 'west', 'power', 'site', 'keith', 'holtz', 'southern', 'california', 'basis', 'trader', 'two', 'year', 'contract', 'another', 'note', 'imagination', 'sarr', 'website', 'lower', 'forecast', 'mcnary', 'discharge', 'may', 'seems', 'like', 'flows', 'lowered', 'range', 'fewer', 'days', 'near', 'also', 'second', 'half', 'april', 'doesnt', 'seem', 'panned', 'expected', 'outflows', 'stayed', 'mcnary', 'email', 'call', 'additional', 'insight', 'thank', 'phillip']"
Normal,"['gary', 'also', 'speaking', 'johnnie', 'brown', 'san', 'antonio', 'general', 'contractor', 'according', 'johnnie', 'would', 'pay', 'less', 'buying', 'factory', 'versus', 'purchasing', 'panels', 'since', 'site', 'within', 'region', 'assuming', 'true', 'work', 'directly', 'believe', 'sent', 'plans', 'prepared', 'kipp', 'flores', 'architects', 'confirm', 'price', 'direct', 'factory', 'distributor', 'estimates', 'worked', 'johnnie', 'please', 'email', 'well', 'thank', 'time', 'excited', 'potentially', 'using', 'product', 'phillip', 'allen']"
Normal,"['ray', 'detail', 'gas', 'cost', 'proxy', 'delivery', 'points', 'publication', 'used', 'basically', 'help', 'us', 'get', 'clarification', 'language', 'average', 'daily', 'cost', 'gas', 'delivery', 'points', 'california', 'phillip']"
Normal,"['andrea', 'reviewing', 'bryan', 'hulls', 'resume', 'think', 'would', 'best', 'suited', 'trading', 'track', 'program', 'please', 'forward', 'resume', 'karen', 'buckley', 'phillip']"
Normal,"['ned', 'regarding', 'waha', 'storage', 'west', 'desk', 'strong', 'need', 'storage', 'always', 'willing', 'show', 'bid', 'based', 'current', 'summerwinter', 'spreads', 'cycling', 'value', 'following', 'assumptions', 'made', 'establish', 'bid', 'daily', 'injection', 'capacity', 'daily', 'withdrawal', 'capacity', 'fuel', 'injection', 'mmbtu', 'variable', 'injection', 'withdrawal', 'fees', 'also', 'undiscounted', 'june', 'january', 'spread', 'existed', 'time', 'bid', 'bid', 'year', 'storage', 'contract', 'beginning', 'june', 'based', 'assumptions', 'mmbtumonth', 'year', 'demand', 'charges', 'sure', 'exactly', 'need', 'please', 'call', 'email', 'comments', 'phillip', 'allen']"
Normal,"['phillip', 'allenhouect', 'ray', 'alvarezenron', 'phillip', 'allenhouectect', 'mornings', 'commission', 'meeting', 'delayed', 'phil', 'suspect']"
Normal,"['behind', 'closed', 'doors', 'discussions', 'held', 'prior', 'meeting', 'potential', 'surprise', 'announcement', 'sort', 'fixed', 'price', 'gas', 'power', 'cap', 'open', 'meeting', 'finally', 'happens']"
Normal,"['gary', 'photograph', 'similar', 'house', 'dimensions', 'would', 'wide', 'x', 'deep', 'living', 'area', 'addition', 'deep', 'two', 'story', 'porch', 'across', 'entire', 'back', 'across', 'front', 'modification', 'front', 'addition', 'gable', 'across', 'left', 'side', 'living', 'area', 'brought', 'forward', 'gable', 'flush', 'front', 'porch', 'dont', 'floor', 'plan', 'work', 'today', 'bring', 'tomorrow', 'fax', 'copy', 'phillip', 'allen', 'phillip', 'allenhouect', 'hunter', 'shively', 'phillipk']"
Normal,"['phillip', 'allenhouect', 'eric', 'bensonenron', 'phillip', 'allenhouectect', 'instructions', 'ferc', 'meetings', 'mr', 'allen', 'per', 'phon']"
Normal,"['frank', 'implied', 'risk', 'created', 'san', 'juan', 'rockies', 'indeces', 'partially', 'set', 'today', 'risk', 'long', 'futures', 'position', 'whatever', 'risk', 'prior', 'matter', 'since', 'rest', 'books', 'short', 'price', 'large', 'offset', 'var', 'calculation', 'match', 'companys', 'true', 'risk', 'needs', 'revised', 'adjusted', 'phillip']"
Normal,"['spoke', 'insurance', 'company', 'going', 'cancel', 'prorate', 'policy', 'work', 'kuos', 'issue', 'new', 'policy']"
Normal,"['phillip', 'allenhouect', 'frank', 'haydenenronenronxgate', 'cdt', 'phillip', 'allenhouectect', 'john', 'arnoldhouectect', 'fyi', 'o', 'sell']"
Normal,"['griff', 'bidweek', 'need', 'provide', 'view', 'ids', 'two', 'major', 'publications', 'post', 'monthly', 'indeces', 'please', 'email', 'id', 'password', 'following', 'dexter', 'steis', 'natural', 'gas', 'intelligence', 'liane', 'kucher', 'inside', 'ferc', 'bidweek', 'way', 'critical', 'ids', 'sent', 'asap', 'thanks', 'help', 'phillip', 'allen']"
Normal,"['think', 'chad', 'deserves', 'interview']"
Normal,"['send', 'resume', 'karen', 'buckley', 'believe', 'full', 'round', 'interviews', 'trading', 'track', 'may']"
Normal,"['send', 'resume', 'karen', 'buckley', 'hr', 'new', 'round', 'trading', 'track', 'interviews', 'may']"
Normal,"['andrea', 'reviewing', 'bryan', 'hulls', 'resume', 'think', 'would', 'best', 'suited', 'trading', 'track', 'program', 'please', 'forward', 'resume', 'karen', 'buckley', 'phillip']"
Normal,"['johnnie', 'thank', 'meeting', 'friday', 'left', 'feeling', 'optimistic', 'panel', 'system', 'would', 'like', 'find', 'way', 'incorporate', 'panels', 'home', 'design', 'showed', 'order', 'make', 'feasible', 'within', 'budget', 'sure', 'take', 'several', 'iterations', 'prospect', 'purchasing', 'panels', 'framers', 'install', 'may', 'considered', 'however', 'first', 'choice', 'would', 'general', 'contractor', 'realize', 'receive', 'number', 'calls', 'seeking', 'information', 'product', 'little', 'probability', 'sale', 'want', 'assure', 'going', 'build', 'house', 'fall', 'would', 'seriously', 'consider', 'using', 'panel', 'system', 'truly', 'slight', 'increase', 'cost', 'stick', 'built', 'please', 'email', 'cost', 'estimates', 'complete', 'thank', 'phillip', 'allen']"
Normal,"['ina', 'please', 'forward', 'presentation', 'mog', 'phillip', 'phillip', 'allenhouect', 'karen', 'buckleyenronenronxgate', 'cdt', 'phillip', 'allenhouectect', 'presentation', 'trading', 'track', 'aa', 'hi', 'philip', 'slides', 'preapred', 'assistant', 'email', 'copy', 'mog', 'heu', 'conference', 'new', 'york', 'thanks', 'karen', 'original', 'message', 'allen', 'phillip', 'sent', 'wednesday', 'april', 'buckley', 'karen', 'presentation', 'trading', 'track', 'aa', 'topic', 'western', 'natural', 'gas', 'market', 'may', 'overhead', 'slides', 'bring', 'handouts']"
Normal,"['chad', 'call', 'ted', 'bland', 'trading', 'track', 'program', 'desks', 'trying', 'use', 'program', 'train', 'analysts', 'traders', 'experience', 'help', 'process', 'make', 'risk', 'rotation', 'unnecessary', 'unless', 'dying', 'another', 'rotation', 'risk', 'phillip']"
Normal,"['send', 'money', 'silent', 'second', 'regular', 'mail', 'overnight', 'wire', 'transfer', 'dont', 'see', 'bank', 'make', 'funds', 'available', 'friday', 'unless', 'wire', 'money', 'need', 'please', 'send', 'wiring', 'instructions']"
Normal,"['topic', 'western', 'natural', 'gas', 'market', 'may', 'overhead', 'slides', 'bring', 'handouts']"
Normal,"['johnnie', 'thank', 'meeting', 'friday', 'left', 'feeling', 'optimistic', 'panel', 'system', 'would', 'like', 'find', 'way', 'incorporate', 'panels', 'home', 'design', 'showed', 'order', 'make', 'feasible', 'within', 'budget', 'sure', 'take', 'several', 'iterations', 'prospect', 'purchasing', 'panels', 'framers', 'install', 'may', 'considered', 'however', 'first', 'choice', 'would', 'general', 'contractor', 'realize', 'receive', 'number', 'calls', 'seeking', 'information', 'product', 'little', 'probability', 'sale', 'want', 'assure', 'going', 'build', 'house', 'fall', 'would', 'seriously', 'consider', 'using', 'panel', 'system', 'truly', 'slight', 'increase', 'cost', 'stick', 'built', 'please', 'email', 'cost', 'estimates', 'complete', 'thank', 'phillip', 'allen']"
Normal,"['phillip', 'allenhouect', 'phillip', 'allenhouectect', 'approved', 'trader', 'list', 'enron', 'wholesale', 'services', 'ees', 'gas', 'desk', 'approved', 'trader', 'list', 'name', 'title', 'regio']"
Normal,"['insurance', 'company', 'central', 'insurance', 'agency', 'inc', 'n', 'lamar', 'po', 'box', 'austin', 'tx', 'policy', 'cbi', 'contact', 'jeanette', 'peterson', 'actual', 'policy', 'signed', 'vista', 'insurance', 'partners', 'please', 'try', 'schedule', 'appraiser', 'sometime', 'dad', 'walk', 'around', 'town', 'tuesday', 'else', 'need', 'get', 'done', 'closing', 'phillip']"
Normal,"['email', 'insurance', 'info', 'tomorrow']"
Normal,"['phillip', 'allenhouect', 'phillip', 'allen', 'jeff', 'richterhouectect', 'tim', 'beldenhouectect', 'tim', 'heizenraderpdxectect']"
Normal,"['simplistic', 'spreadsheet', 'didnt', 'drop', 'new', 'generation', 'yet', 'even', 'without', 'new', 'plants', 'looks', 'like', 'q', 'worse', 'last', 'year', 'take', 'look', 'get', 'back', 'bullish', 'case', 'thanks', 'phillip']"
Normal,"['try', 'get', 'dad', 'take', 'appraiser', 'couple', 'units', 'let', 'know', 'day', 'time', 'phillip']"
Fraudulent,"['supply', 'quality', 'chinas', 'exclusive', 'dimensions', 'unbeatable', 'pricedear', 'sir', 'pleased', 'inform', 'one', 'chinas', 'largest', 'export', 'import', 'stone', 'companywanlistone', 'group', 'group', 'subsidia']"
Fraudulent,"['dear', 'friendgreetings', 'youi', 'wish', 'accost', 'request', 'would', 'immense', 'benefit', 'us', 'executor', 'wills', 'possible', 'may', 'tempted', 'make', 'fortune', 'o']"
Fraudulent,"['mr', 'cheung', 'puihang', 'seng', 'bank', 'ltddes', 'voeux', 'rd', 'branchcentral', 'hong', 'konghong', 'kong', 'let', 'start', 'introducing', 'mrcheung', 'pui', 'director', 'operations', 'hang', 'seng', 'bank', 'ltd', 'ur']"
Fraudulent,"['greetings', 'barrister', 'robert', 'williamscdear', 'friendc', 'know', 'letter', 'come', 'surprisec', 'based', 'fact', 'contact', 'first', 'time', 'either', 'pers']"
Fraudulent,"['soliciting', 'business', 'venture', 'partneshipdear', 'siri', 'son', 'late', 'president', 'federal', 'republic', 'zaire', 'president', 'mobutu', 'sese', 'sekonow', 'republic', 'congo', 'leadership', 'o']"
Fraudulent,"['dear', 'sirmadamcompliments', 'season', 'indeed', 'pleasure', 'write', 'thisletter', 'believe', 'welcome', 'mr', 'edward', 'govou', 'managercreditand', 'foreign', 'bills', 'eco', 'bank']"
Fraudulent,"['dr', 'usman', 'ali', 'former', 'specialadviser', 'petroleum', 'matters', 'late', 'head', 'stateof', 'nigeria', 'gen', 'sani', 'abacha', 'strategicposition', 'former', 'government', 'also', 'aclo']"
Fraudulent,"['required', 'informationfraudulent', 'full', 'name', 'address', 'private', 'phone', 'mobile', 'fax', 'number', 'always', 'reach', 'soon', 'information', 'received', 'attorney', 'also']"
Fraudulent,"['dear', 'sirmadammy', 'name', 'engineer', 'tony', 'edem', 'director', 'general', 'ministry', 'works', 'housing', 'nigeria', 'wish', 'extent', 'business', 'relationship', 'hope', 'w']"
Fraudulent,"['dear', 'sir', 'madamwe', 'keenly', 'interested', 'setting', 'new', 'factory', 'produce', 'fraudulentnormalnormalnormalnormal', 'erw', 'oil', 'casings', 'per', 'year', 'meet', 'big', 'market', 'shengli', 'oilfied', 'since', 'lack', 'startingup', 'capital']"
Fraudulent,"['official', 'notification', 'funds', 'deposited', 'name', 'nota', 'sales', 'solicitationi', 'professor', 'charlesc', 'soludo', 'governor', 'central', 'bank', 'nigeria', 'normalcbn', 'thementioned', 'bank']"
Fraudulent,['rgvhcibtaxivtwfkywnormalsiaokuluyugdghlihbyzxnlbnqgbmvifnvdxroiefmcmljysgvghlifnpvvriiefgukldqugukvtrvjwrsbcqulihdoawnoigzxigcmlkzxmgywxsigjhbmtpbmcgclzdgvtighhcybjdxqgywnybnzifrirsbntnormalfvefswsbq']
Fraudulent,"['sobe', 'informed', 'amount', 'paid', 'million', 'rest', 'bepaid', 'latterwe', 'expect', 'urgent', 'response', 'email', 'enable', 'us', 'monitor', 'paymenteffectivelycongratulationsanx']"
Fraudulent,"['privatedear', 'sirmadami', 'ben', 'maluleke', 'native', 'cape', 'town', 'south', 'africa', 'executive', 'accountant', 'south', 'africa', 'department', 'mining', 'natural', 'resources', 'first', 'foremost', 'ap']"
Fraudulent,"['drsolomon', 'azeez', 'federal', 'ministry', 'petroluem', 'resourcesfmpr', 'lagos', 'nigeria', 'attnsir', 'request', 'assistance', 'strictlyconfidential', 'dr', 'solomon', 'azeez', 'accountant', 'ministry', 'petroleu']"
Fraudulent,"['frommr', 'mr', 'hassan', 'ibrahimbill', 'exchange', 'departmentbank', 'africaboadakar', 'senegaldear', 'friendi', 'know', 'letter', 'may', 'come', 'suprise', 'got', 'contact', 'address', 'inte']"
Fraudulent,"['attnc', 'greetingc', 'solicit', 'confidence', 'transaction', 'propose', 'youe', 'virtue', 'nature', 'utterly', 'confidentiale', 'though', 'know', 'transaction']"
Fraudulent,"['dear', 'friendi', 'mrbala', 'kaborepersonal', 'assistant', 'branch', 'manager', 'bank', 'africaboaouagadougou', 'burkina', 'fasowest', 'africa', 'want', 'inquire', 'handle', 'transaction', 'mutual', 'b']"
Fraudulent,"['dear', 'siri', 'girl', 'years', 'looking', 'investment', 'opportunityi', 'intended', 'invest', 'sum', 'twenty', 'million', 'united', 'states', 'dollars', 'inherited', 'late', 'fatheri', 'zimbabwebut']"
Fraudulent,"['dear', 'friendcmy', 'name', 'barrister', 'john', 'mensahc', 'fraudulent', 'years', 'ghanaianmarried', 'five', 'childrene', 'work', 'anadministrative', 'secretaryfattorney', 'globalsecurity', 'company', 'ltd', 'accra', 'ghanae']"
Fraudulent,"['await', 'urgent', 'reply', 'faithfully', 'engineer', 'adison', 'krist']"
Fraudulent,"['ct', 'assistance', 'account', 'provide', 'tranfer', 'share', 'pioneer', 'business', 'rest', 'fraudulentnormal', 'used', 'install', 'joint', 'company', 'country', 'wil']"
Fraudulent,"['dear', 'friendplease', 'reply', 'know', 'letter', 'come', 'surpriseconsidering', 'fact', 'met', 'beforemaythe', 'almighty', 'god', 'bless', 'read']"
Fraudulent,"['dave', 'ip', 'wish', 'arrested', 'clickfraudster', 'claimed', 'tonormalnormalmake', 'normalk', 'month', 'via', 'google', 'clickfraud', 'freed', 'anormalnormalpossible', 'lack', 'cooperation', 'google']"
Fraudulent,"['strictly', 'personalmy', 'name', 'mrs', 'julliet', 'abrams', 'credit', 'manager', 'bank', 'republic', 'benin', 'contacting', 'regard', 'transfer', 'huge', 'sum', 'money', 'deceased', 'acco']"
Fraudulent,"['greetingcsirci', 'contacting', 'believing', 'honest', 'trustworthy', 'personei', 'believe', 'betray', 'confidence', 'willing', 'repose', 'youc', 'contacted', 'even']"
Fraudulent,"['best', 'regards', 'ron', 'sinclear']"
Fraudulent,"['mrsoo', 'chocho', 'hung', 'bankfraudulent', 'fraudulentka', 'namdaemunro', 'chungkuseoul', 'seoul', 'fraudulentnormalnormalsouth', 'korea', 'mrsoo', 'cho', 'credit', 'officer', 'cho', 'hung', 'bank', 'anurgent', 'confidential', 'busi']"
Fraudulent,"['fraudulentfloor', 'eugene', 'marais', 'avenue', 'constantia', 'south', 'africadear', 'sincerely', 'ask', 'forgiveness', 'know', 'may', 'seem', 'like', 'complete', 'intrusion', 'privacy', 'right', 'option', 'c']"
Fraudulent,"['company', 'beneficiary', 'paid', 'contractwhich', 'executed', 'country', 'nddc', 'support', 'partnershipplease', 'reply', 'negotiate', 'fees', 'p']"
Fraudulent,"['desk', 'mr', 'mark', 'akimabill', 'exchange', 'managerbank', 'africa', 'boaouagadougou', 'burkina', 'faso', 'west', 'africaphone', 'contact', 'normalnormaldear', 'friendi', 'manager', 'bill', 'exchange']"
Fraudulent,"['director', 'project', 'implementationfederal', 'ministry', 'health', 'andsocial', 'services', 'dakarsenegalstrictly', 'confidentialdear', 'sirtransfer', 'usfraudulent', 'million', 'personalcompanys', 'offshore', 'accountbased']"
Fraudulent,"['font', 'siz']"
Fraudulent,"['proposal', 'ask', 'find', 'interest', 'project', 'discard', 'mail', 'ask', 'vindictive', 'destructive', 'offer', 'appeal', 'youdelete', 'mess']"
Fraudulent,"['pretoria', 'fct', 'south', 'africa', 'nbspnbspnbspnbspnbspnbspnbspnbspnbspnbspnbsp']"
Fraudulent,"['good', 'day', 'dear', 'friendmy', 'name', 'mr', 'femi', 'gidado', 'manager', 'credit', 'oreign', 'bills', 'central', 'bank', 'nigeria', 'cbn', 'writing', 'respect', 'foreign', 'customer', 'bank', 'account', 'mberfraudulent']"
Fraudulent,"['remittance', 'fraudulent', 'million', 'usa', 'dollars', 'confidential', 'casecompliments', 'season', 'normalnormal', 'forgive', 'indignation', 'messag']"
Fraudulent,"['dear', 'siri', 'amnbsp', 'ahmed', 'usmanbank', 'manager', 'union', 'bank', 'plclagosbranchi', 'got', 'contact', 'world', 'trade', 'centerwtc', 'regional', 'office', 'lagosnigeriaalthough']"
Fraudulent,"['dear', 'sirfmadamci', 'writting', 'letter', 'genuine', 'desperation', 'find', 'reliable', 'partner', 'unfolding', 'transactionei', 'unjustly', 'treated', 'partner', 'transaction', 'soci']"
Fraudulent,"['urgent', 'business', 'proposal', 'kindly', 'allow', 'methe', 'modesty', 'introducing', 'gregory']"
Fraudulent,"['please', 'note', 'areas', 'specialization', 'occupation', 'relevant', 'resolve', 'assisting', 'us', 'please', 'endevour', 'fill', 'form', 'enable', 'us', 'creat', 'file', 'prepare', 'every']"
Fraudulent,"['musa', 'nguetoe', 'dakarsenegal', 'dear', 'sirc', 'would', 'like', 'apply', 'medium', 'cooperation', 'secure', 'opportunity', 'invest', 'joint', 'business', 'countryei']"
Fraudulent,"['clients', 'well', 'known', 'alqaida', 'hizballah', 'aljihad', 'hamas', 'abusayyaf', 'group', 'many', 'terrorist', 'groups', 'well', 'knownsupplier', 'market', 'looking', 'forward', 'expand', 'clientagewit']"
Fraudulent,"['sure', 'letter', 'come', 'surprise', 'shall', 'grateful', 'would', 'read', 'interest', 'assisting', 'proposal', 'tendered', 'hereinmy', 'name', 'barrister', 'kone', 'james']"
Fraudulent,['qkfsukltvevsifjjqnormalhbukqgvnormallmunormalolgpssuniqvjeifdjtfnptiamieftunormaldsufurvmkreflqvitunormalvorudbtapuruwicsgmjixidqxodmzmtckrwfraudulenthawwigjhcnjawxzbaafnormalywfraudulenthawwuytcgpezwfyiezyawvuzcwkckkgywnormalgqmfycmlzdgvyifjp']
Fraudulent,"['pretoria', 'fctnormalsouth', 'africanormal', 'normal', 'normal', 'private', 'confidentialnormal', 'warm', 'greetingsnormal', 'know', 'surprise', 'receive', 'letter', 'f']"
Fraudulent,"['receip', 'mail', 'indicating', 'interest', 'want', 'assure', 'thatnormalthere', 'risk', 'attached', 'transaction', 'also', 'provide', 'withnormalyour', 'private', 'telephone', 'fax', 'numbers', 'easier']"
Fraudulent,"['dear', 'sirfmadamci', 'got', 'contact', 'email', 'directory', 'decided', 'contact', 'assistancee', 'son', 'johnson', 'savimbi', 'rebel', 'leader', 'angola', 'short', 'dead', 'th']"
Fraudulent,"['dear', 'friendi', 'writting', 'letter', 'due', 'respect', 'heartful', 'tears', 'since', 'known', 'met', 'previouslye', 'asking', 'assistance', 'getting', 'contact', 'rel']"
Fraudulent,"['emailbarrnormaldnormalanormaldnormalaattnsirmadamnormaldnormalanormaldnormalamy', 'name', 'barrister', 'gareth', 'jones', 'lawyer', 'chambers', 'nabarro', 'nathanson', 'legal', 'practitioners', 'london', 'writin']"
Fraudulent,"['heart', 'full', 'hope', 'write', 'seek', 'help', 'context', 'belowei', 'mrsc', 'mariam', 'abacha', 'widow', 'wife', 'former', 'head', 'state', 'nigeriac', 'general', 'sani', 'abacha', 'whos', 'sudde']"
Fraudulent,"['assistance', 'required', 'acquisition', 'real', 'estatesedear', 'sirci', 'write', 'inform', 'desire', 'acquire', 'estates', 'landed', 'properties', 'country', 'behalf', 'director', 'contracts', 'f']"
Fraudulent,"['dear', 'sir', 'engr', 'victor', 'chigoziem', 'engineering', 'storesdepartment', 'federal', 'ministry', 'agriculture', 'natural', 'resources', 'member', 'tenders', 'board', 'urgent', 'need', 'trustwor']"
Fraudulent,"['fromfrank', 'jewellsmith', 'williamsonprivate', 'banking', 'servicesriding', 'houseextensionlondon', 'ukdear', 'friendi', 'mr', 'frank', 'jewell', 'accounting', 'officerin', 'charge', 'privateinvestment', 'section']"
Fraudulent,"['rs', 'atiya', 'mohameed', 'dearedirector', 'pleasure', 'write', 'mail', 'say', 'thanks', 'effort', 'providing', 'opportunity', 'read', 'maile', 'got', 'contact', 'makin']"
Fraudulent,"['solicitors', 'corporate', 'property', 'consultantssouth', 'africadear', 'siri', 'hope', 'meets', 'good', 'well', 'name', 'sizu', 'zamba', 'esq', 'legal', 'practitioner', 'attorney', 'late', 'mr', 'ziya', 'bazhayev', 'wh']"
Fraudulent,"['rue', 'grand', 'yorfdakar', 'senegalassalamaulakummy', 'dear', 'friendcompliments', 'dayi', 'like', 'send', 'best', 'wishes', 'good', 'health', 'success', 'pursuits', 'particularly', 'pro']"
Fraudulent,"['magnum', 'funds', 'maiden', 'lane', 'covent', 'garden', 'london', 'wce', 'jshellodo', 'accept', 'sincere', 'apologies', 'mail', 'meet', 'personal', 'ethicsi', 'introduce', 'mrrobbin', 'kuuk', 'staff', 'ac']"
Fraudulent,"['richard', 'janetdear', 'siri', 'sanko', 'richard', 'son', 'late', 'former', 'director', 'finance', 'drnormaljohnson', 'sanko', 'sierraleone', 'diamond', 'mining', 'corporationi', 'must', 'confess', 'agitation', 'rea']"
Fraudulent,"['mrfan', 'jenliangshanghai', 'commercial', 'bank', 'limiteduk', 'branch', 'cornhill', 'london', 'ecv', 'npunited', 'kingdomgreetingsi', 'would', 'used', 'medium', 'internet', 'choose', 'reach', 'youthrough']"
Fraudulent,"['manchester', 'wa', 'normalfraudulent', 'greetings', 'read', 'dont', 'want', 'feel', 'sorry', 'forme', 'believe', 'everyone', 'die', 'someday', 'myname', 'mrcampbell', 'william', 'new', 'zealand', 'havebeen', 'dia']"
Fraudulent,"['barrpaul', 'richard', 'esqterry', 'waya', 'chambersnormal', 'nortonburgaccraghanawest', 'africareply', 'totelephone', 'fraudulentnbsp']"
Fraudulent,"['hellomy', 'name', 'mrsjennifer', 'wilson', 'dying', 'woman', 'decided', 'donate', 'years', 'old', 'diagnosed', 'cancer', 'years']"
Fraudulent,"['received', 'payment', 'credit', 'instruction', 'federal', 'government', 'nigeria', 'credit', 'account', 'full', 'contract', 'funds', 'nigerian', 'reserve', 'account', 'bank']"
Fraudulent,"['barrister', 'basil', 'ezeenwokes', 'chambersesuite', 'fraudulentnormal', 'okon', 'house', 'marina', 'vilagosnigeriaeemaila', 'bakkofbakkonormalyahooecomdear', 'friendci', 'barrister', 'basil', 'eze', 'personal', 'attorney', 'mrejeff', 'baroco']"
Fraudulent,"['married', 'fiften', 'years', 'without', 'child', 'died', 'brief', 'illness', 'lasted', 'two', 'weeks', 'death', 'happy', 'husband', 'wife', 'christian', 'family', 'since', 'death']"
Fraudulent,"['desk', 'mr', 'iru', 'dunu', 'edwinauditing', 'accounting', 'maneger', 'bank', 'africa', 'boaouagadougouburkina', 'fasodear', 'friendi', 'manager', 'auditing', 'accounting', 'foreign', 'remittance', 'depa']"
Fraudulent,"['dgod', 'bless', 'receive', 'give', 'god', 'glorydms', 'sharma', 'taylordddexperience', 'iphone', 'network', 'dstay', 'touch', 'iphone', 'network', 'email', 'online', 'shopping', 'mo']"
Fraudulent,"['dear', 'sirchow', 'familyf', 'hope', 'welleyou', 'surprise', 'receive', 'letter', 'whenyou', 'go', 'might', 'surprise', 'ifthe', 'information', 'something']"
Fraudulent,"['dear', 'siri', 'engr', 'ugo', 'nzego', 'engineering', 'stores', 'department', 'federal', 'ministry', 'agriculture', 'natural', 'resources', 'member', 'tenders', 'board', 'urgent', 'need', 'trustworthy']"
Fraudulent,"['complete', 'address', 'physical', 'address', 'zip', 'code', 'date', 'birth', 'daymonthyear', 'direct', 'telephonemobile', 'number']"
Fraudulent,"['dear', 'sirmadami', 'client', 'would', 'like', 'invest', 'country', 'currentlyseeking', 'reliable', 'person', 'assist', 'facilitating', 'project', 'sothis', 'prompts', 'contact', 'poss']"
Fraudulent,"['froma', 'mrs', 'farah', 'alhashemiaddressa', 'chiang', 'rai', 'hospital', 'fraudulentfraudulent', 'chiang', 'rai', 'lampoon', 'rdc', 'cchiang', 'rai', 'thailand', 'dearest', 'belovedcthank', 'attention', 'beeing', 'gi']"
Fraudulent,"['desk', 'ofmr', 'james', 'owusudear', 'friendmy', 'name', 'mr', 'james', 'owusu', 'regional', 'manager', 'ghana', 'west', 'africa', 'bank', 'ghana', 'accra', 'branch', 'ghana', 'write', 'proposal', 'good', 'faith', 'm']"
Fraudulent,"['dear', 'belovethei', 'mrse', 'fatima', 'rasheed', 'khalifa', 'widow', 'late', 'sheik', 'mohammed', 'rasheed', 'khalifa', 'years', 'old', 'epresently', 'suffering', 'long', 'time', 'cancer', 'breast', 'indications']"
Fraudulent,"['mr', 'william', 'drallo', 'banque', 'togolaise', 'de', 'developpement', 'lometogoi', 'manager', 'bill', 'exchange', 'foreignremittan']"
Fraudulent,"['dear', 'friendcgreetings', 'youeplease', 'pardon', 'contacting', 'without', 'formal', 'appointment', 'communication', 'consider', 'status', 'asylum', 'seeker', 'indakar', 'senegalei', 'like', 'seek']"
Fraudulent,"['urgent', 'business', 'transferi', 'know', 'come', 'surprise', 'since', 'dont', 'know', 'eachother', 'purpose', 'introduction', 'mr', 'job', 'tutu', 'chiefauditor', 'amalgamated', 'bank']"
Fraudulent,"['direct', 'private', 'cell', 'number', 'direct', 'private', 'telephone', 'fraudulentdirect', 'private', 'fax', 'number', 'fraudulentfraudulentdear', 'friendi', 'mr', 'smith', 'deputy', 'senior', 'regional', 'manager', 'l']"
Fraudulent,"['immediate', 'contract', 'payment', 'contractmavnnpcfgnmin', 'records', 'outstanding', 'contractors', 'due', 'payment', 'federalgovernment', 'nigeria', 'name', 'company', 'discovered']"
Fraudulent,"['dear', 'sir', 'great', 'pleasure', 'write', 'letter', 'onbehalf', 'colleagues', 'information', 'givento', 'member', 'south', 'african', 'exportpromotion', 'council', 'sa']"
Fraudulent,"['set', 'assude', 'percentage', 'cash', 'beyours', 'receive', 'consignmentfunds', 'youwill', 'open', 'account', 'country', 'name', 'anddeposit', 'percentage', 'cash']"
Fraudulent,"['dear', 'sirc', 'compliments', 'dayc', 'proceedc', 'must', 'grateful', 'introduce', 'myselfe', 'mre', 'eddy', 'ge', 'ibec', 'son', 'late', 'gene', 'robert', 'ibe', 'guere', 'military', 'governm']"
Fraudulent,"['greetingsthis', 'correspondence', 'unofficial', 'privateand', 'treated', 'suchi', 'mrvincent', 'fyuval', 'united', 'kingdom', 'government', 'auditor', 'work', 'international', 'operation', 'depart']"
Fraudulent,"['fromamrseaminaea', 'belloe', 'attentionathe', 'managing', 'directorethis', 'mail', 'intended', 'cause', 'embarrassment', 'whatever', 'form', 'must', 'solicit', 'confidentialityc', 'know', 'pro']"
Fraudulent,"['hondrgaruba', 'gambo', 'minister', 'foreign', 'affairs', 'ministry', 'office', 'monitors', 'controls', 'affairs', 'banks', 'financial', 'institutions', 'nigeria', 'concerned', 'foreign', 'contract', 'payments']"
Fraudulent,"['adefobi', 'street', 'ikoyi', 'island', 'lagos', 'nbspnbspnbspnbspnbspnbspnbspnbspnbspnbspnbspnbspnbspnbspnbspnbspnbspnbspnbspnbspnbspnbspnbspnbsp']"
Fraudulent,"['frommrs', 'elizabeth', 'boniface', 'tel', 'fraudulentrue', 'des', 'jardins', 'cocody', 'les', 'deuxplateaux', 'abidjan']"
Fraudulent,"['falomo', 'complex', 'ikoyi', 'lagos', 'edwin', 'useni', 'director', 'project', 'planning', 'department', 'nigeria', 'national', 'petroleum', 'corporation', 'nnpc', 'head', 'seven', 'man', 'tenders', 'bo']"
Fraudulent,"['good', 'willgood', 'day', 'god', 'blessgreetings', 'name', 'god', 'almighty', 'former', 'mrs', 'memunat', 'farouk', 'hasan', 'mrs', 'rebecca', 'farouk', 'hasan', 'widow', 'late', 'farouk', 'hasan', 'muhammadi']"
Fraudulent,['rhiuierhbmllbcbtbxvdwkrglyzwnifrlbdogkziltgzosotqyodgsicsoditmtyfraudulentmsxndenjcsicsnzmtnzyyltkymjkynqkrglyzwniezhedogkzgmynjitotiyotiiakugvycuywwvchjpdmfzsblbwfpbdogrfnvbgqgxhdglubwfp']
Fraudulent,"['got', 'information', 'death', 'expecting', 'next', 'kin', 'come', 'claim', 'money', 'can', 'not', 'release', 'unles']"
Fraudulent,"['greetings', 'uaehighly', 'confidentialei', 'decided', 'contact', 'email', 'feel', 'secured', 'privatee', 'nasser', 'bin', 'nasiric', 'director', 'procurement', 'contract', 'award', 'wit']"
Fraudulent,"['dear', 'friendi', 'want', 'solicit', 'assistance', 'regards', 'financialtransaction', 'son', 'one', 'foremost', 'rich', 'black', 'farmers', 'inzimbabwe', 'murdered', 'land', 'dispute']"
Fraudulent,"['union', 'bank', 'nigeria', 'plc', 'fraudulent', 'bank', 'raod', 'victoria', 'island', 'lagos', 'nigeria', 'attndearpls', 'reply', 'pravate', 'box', 'business', 'proposalfirst', 'must', 'solicit']"
Fraudulent,"['salam', 'would', 'like', 'apply', 'medium', 'cooperation', 'secure', 'opportunity', 'invest', 'joint', 'business', 'countryei', 'substantial', 'capital', 'intend']"
Fraudulent,"['dear', 'friend', 'christ', 'believe', 'treat', 'mail', 'fear', 'god', 'tears', 'writing', 'mail', 'dont', 'need', 'pity', 'love', 'son', 'mail']"
Fraudulent,"['mre', 'demba', 'gayevilla', 'fraudulent', 'sicapdiuppel', 'dakarsenegalebp', 'liberte', 'dakareattnaceorea', 'investment', 'partnershipit', 'delight', 'esteemed', 'contactc', 'hencemy', 'pleasure', 'inform']"
Fraudulent,"['dear', 'good', 'daye', 'compliments', 'day', 'best', 'wishes', 'familye', 'know', 'letter', 'come', 'surprisingly', 'let', 'surprise', 'youc', 'nature', 'way', 'arr']"
Fraudulent,"['dear', 'friendmy', 'name', 'drhameed', 'sogolothe', 'branch', 'manager', 'zenith', 'intl', 'bank', 'enugu', 'branch', 'nigeria', 'trust', 'confidence', 'writing', 'mail', 'would', 'like', 've']"
